recognition_configuration,recognition_checkpoint,configured_recognition_precision,configured_batch_size,configured_recognition_chunk_seconds,configured_nvidia_timestamps,language,diarizer,diarizer_checkpoint,evidence_epoch,configured_device,recognition_attempt_devices,alignment_attempt_devices,diarization_attempt_devices,diarization_runtime_device,status,audio_duration_seconds,elapsed_seconds,rtf,seconds_per_audio_hour,time_per_audio_hour_m_ss,recovery_evidence_available,retry_count,cpu_fallback,worker_failure_phase,worker_exception_class,worker_error_code,outer_error_phase,outer_error_code,whole_card_peak_vram_gib,whole_card_average_vram_gib,gpu_sampled_seconds,gpu_total_gib,gpu_headroom_percent,host_peak_worker_rss_gib,host_minimum_available_gib,host_minimum_reserve_percent,external_contention_recorded,gpu_ownership_unknown,strict_comfortable_gpu,timed_coverage_valid,transcript_end_seconds,transcript_end_coverage_percent,trailing_audio_seconds,segment_count,word_count,word_count_source,speaker_count,invalid_timing_rows
Ark 3B,Edge0/ARK-ASR-3B,float16,1,,,en,DiariZen,BUT-FIT/diarizen-wavlm-large-s80-md-v2,fresh_crossmatrix_v1.8.0,cuda,cuda,cuda,cuda,cuda,completed,3588.82,632.269,0.176177407,634.238663,10:34,true,0,false,,,,,,7.583008,3.440046,610.603625,12.000000,36.808268,16.009922,26.269485,43.252987,false,true,false,true,3579.590000,99.742812,9.230000,7493,7493,timed_annotations,3,0
Ark 3B,Edge0/ARK-ASR-3B,float16,1,,,en,Pyannote 3.1,pyannote/speaker-diarization-3.1,fresh_crossmatrix_v1.8.0,cuda,cuda,cuda,cuda,cuda,completed,3588.82,444.267,0.123791943,445.650994,7:26,true,0,false,,,,,,11.432617,4.959572,437.593043,12.000000,4.728190,15.247524,26.181187,43.107602,false,true,false,true,3579.590000,99.742812,9.230000,7493,7493,timed_annotations,3,0
Ark 3B,Edge0/ARK-ASR-3B,float16,1,,,en,Pyannote Community-1,pyannote/speaker-diarization-community-1,earlier_v1.8.0,cuda,cuda,cuda,cuda,cuda,completed,3588.82,440.226,0.122665946,441.597405,7:22,true,0,false,,,,,,11.432617,4.941421,433.629487,12.000000,4.728190,12.137436,17.289642,28.467580,false,true,false,true,3579.590000,99.742812,9.230000,7493,7493,timed_annotations,3,0
Ark 3B,Edge0/ARK-ASR-3B,float16,1,,,en,Sortformer v2.1,nvidia/diar_streaming_sortformer_4spk-v2.1,fresh_crossmatrix_v1.8.0,cuda,cuda,cuda,cuda,cuda,completed,3588.82,325.277,0.090636198,326.290313,5:26,true,0,false,,,,,,7.583008,5.829586,318.594203,12.000000,36.808268,16.214794,26.703232,43.967154,false,true,false,true,3579.590000,99.742812,9.230000,7493,7493,timed_annotations,3,0
Ark 3B,Edge0/ARK-ASR-3B,float16,1,,,en,SUPlime,rewayai/suplime,fresh_crossmatrix_v1.8.0,cuda,cuda,cuda,cuda,cuda,completed,3588.82,790.970,0.220398348,793.434054,13:13,true,0,false,,,,,,7.583008,6.855376,784.094134,12.000000,36.808268,15.269051,26.273174,43.259060,false,true,false,true,3579.590000,99.742812,9.230000,7493,7493,timed_annotations,3,0
Ark 3B,Edge0/ARK-ASR-3B,float16,1,,,en,SUPlime-L,rewayai/suplime-large,fresh_crossmatrix_v1.8.0,cuda,cuda,cuda,cuda,cuda,completed,3588.82,893.296,0.248910784,896.078823,14:56,true,0,false,,,,,,10.440430,9.035124,886.593743,12.000000,12.996419,14.205856,26.159416,43.071756,false,true,false,true,3579.590000,99.742812,9.230000,7493,7493,timed_annotations,2,0
Canary 1B v2 · BF16/full,nvidia/canary-1b-v2,bfloat16,1,,false,en,DiariZen,BUT-FIT/diarizen-wavlm-large-s80-md-v2,fresh_crossmatrix_v1.8.0,cuda,cuda,,cuda,cuda,completed,3588.82,427.490,0.119117147,428.821730,7:09,true,0,false,,,,,,8.375977,1.187268,421.066334,12.000000,30.200195,8.421265,26.814865,44.150960,false,true,false,false,,0.000000,3588.820000,0,7181,lexical_text,0,0
Canary 1B v2 · BF16/full,nvidia/canary-1b-v2,bfloat16,1,,false,en,Pyannote 3.1,pyannote/speaker-diarization-3.1,fresh_crossmatrix_v1.8.0,cuda,cuda,,cuda,cuda,completed,3588.82,302.564,0.084307377,303.506556,5:04,true,0,false,,,,,,11.432617,1.896076,296.066763,12.000000,4.728190,8.378136,26.928047,44.337315,false,true,false,false,,0.000000,3588.820000,0,7181,lexical_text,0,0
Canary 1B v2 · BF16/full,nvidia/canary-1b-v2,bfloat16,1,,false,en,Pyannote Community-1,pyannote/speaker-diarization-community-1,fresh_crossmatrix_v1.8.0,cuda,cuda,,cuda,cuda,completed,3588.82,222.593,0.062024008,223.286428,3:43,true,0,false,,,,,,11.432617,2.628285,216.068628,12.000000,4.728190,8.424019,26.525059,43.673791,false,true,false,false,,0.000000,3588.820000,0,7181,lexical_text,0,0
Canary 1B v2 · BF16/full,nvidia/canary-1b-v2,bfloat16,1,,false,en,Sortformer v2.1,nvidia/diar_streaming_sortformer_4spk-v2.1,fresh_crossmatrix_v1.8.0,cuda,cuda,,cuda,cuda,completed,3588.82,101.493,0.028280326,101.809174,1:42,true,0,false,,,,,,8.375977,2.667096,95.067450,12.000000,30.200195,8.421452,26.515045,43.657303,false,true,false,false,,0.000000,3588.820000,0,7181,lexical_text,0,0
Canary 1B v2 · BF16/full,nvidia/canary-1b-v2,bfloat16,1,,false,en,SUPlime,rewayai/suplime,fresh_crossmatrix_v1.8.0,cuda,cuda,,cuda,cuda,completed,3588.82,578.011,0.161058788,579.811637,9:40,true,0,false,,,,,,8.375977,6.569410,571.567521,12.000000,30.200195,8.430153,26.787441,44.105806,false,true,false,false,,0.000000,3588.820000,0,7181,lexical_text,0,0
Canary 1B v2 · BF16/full,nvidia/canary-1b-v2,bfloat16,1,,false,en,SUPlime-L,rewayai/suplime-large,fresh_crossmatrix_v1.8.0,cuda,cuda,,cuda,cuda,completed,3588.82,681.634,0.189932624,683.757447,11:24,true,0,false,,,,,,10.440430,9.515348,674.575322,12.000000,12.996419,8.432018,26.237446,43.200233,false,true,false,false,,0.000000,3588.820000,0,7181,lexical_text,0,0
Canary 1B v2 · FP16/40s,nvidia/canary-1b-v2,float16,1,40,true,en,DiariZen,BUT-FIT/diarizen-wavlm-large-s80-md-v2,fresh_crossmatrix_v1.8.0,cuda,cuda,cuda,cuda,cuda,completed,3588.82,494.443,0.137773140,495.983304,8:16,true,0,false,,,,,,2.926758,1.090280,486.598273,12.000000,75.610352,8.432755,26.197258,43.134063,false,true,false,true,3579.360000,99.736404,9.460000,459,7170,timed_annotations,3,0
Canary 1B v2 · FP16/40s,nvidia/canary-1b-v2,float16,1,40,true,en,Pyannote 3.1,pyannote/speaker-diarization-3.1,fresh_crossmatrix_v1.8.0,cuda,cuda,cuda,cuda,cuda,completed,3588.82,320.520,0.089310693,321.518494,5:22,true,0,false,,,,,,11.432617,1.826704,313.597545,12.000000,4.728190,8.432636,25.456150,41.913821,false,true,false,true,3579.360000,99.736404,9.460000,459,7170,timed_annotations,3,0
Canary 1B v2 · FP16/40s,nvidia/canary-1b-v2,float16,1,40,true,en,Pyannote Community-1,pyannote/speaker-diarization-community-1,earlier_v1.8.0,cuda,cuda,cuda,cuda,cuda,completed,3588.82,541.104,0.150774907,542.789663,9:03,true,0,false,,,,,,11.432617,1.473195,533.182623,12.000000,4.728190,7.919601,18.292084,30.118110,false,true,false,true,3579.360000,99.736404,9.460000,459,7170,timed_annotations,3,0
Canary 1B v2 · FP16/40s,nvidia/canary-1b-v2,float16,1,40,true,en,Sortformer v2.1,nvidia/diar_streaming_sortformer_4spk-v2.1,earlier_v1.8.0,cuda,cuda,cuda,cuda,cuda,completed,3588.82,538.190,0.149962940,539.866586,9:00,true,0,false,,,,,,4.012695,0.656122,527.179484,12.000000,66.560872,8.149982,17.620441,29.012244,false,true,false,true,3579.360000,99.736404,9.460000,459,7170,timed_annotations,3,0
Canary 1B v2 · FP16/40s,nvidia/canary-1b-v2,float16,1,40,true,en,SUPlime,rewayai/suplime,fresh_crossmatrix_v1.8.0,cuda,cuda,cuda,cuda,cuda,completed,3588.82,694.084,0.193401731,696.246231,11:36,true,0,false,,,,,,7.122070,5.509962,687.599435,12.000000,40.649414,8.436295,25.207668,41.504693,false,true,false,true,3579.360000,99.736404,9.460000,459,7170,timed_annotations,3,0
Canary 1B v2 · FP16/40s,nvidia/canary-1b-v2,float16,1,40,true,en,SUPlime-L,rewayai/suplime-large,fresh_crossmatrix_v1.8.0,cuda,cuda,cuda,cuda,cuda,completed,3588.82,807.118,0.224897877,809.632358,13:30,true,0,false,,,,,,10.440430,8.058963,800.594333,12.000000,12.996419,8.426460,25.709705,42.331303,false,true,false,true,3579.360000,99.736404,9.460000,459,7170,timed_annotations,2,0
Canary Qwen 2.5B,nvidia/canary-qwen-2.5b,float16,1,40,true,en,DiariZen,BUT-FIT/diarizen-wavlm-large-s80-md-v2,fresh_crossmatrix_v1.8.0,cuda,cuda,,cuda,cuda,completed,3588.82,677.827,0.188871830,679.938587,11:20,true,0,false,,,,,,5.100586,2.535565,671.562478,12.000000,57.495117,14.911968,23.712135,39.042282,false,true,false,true,3588.778688,99.998849,0.041313,90,7242,lexical_text,2,0
Canary Qwen 2.5B,nvidia/canary-qwen-2.5b,float16,1,40,true,en,Pyannote 3.1,pyannote/speaker-diarization-3.1,fresh_crossmatrix_v1.8.0,cuda,cuda,,cuda,cuda,completed,3588.82,539.911,0.150442485,541.592947,9:02,true,0,false,,,,,,11.432617,3.294755,533.562231,12.000000,4.728190,15.143764,23.851387,39.271562,false,true,false,true,3588.778688,99.998849,0.041313,90,7242,lexical_text,3,0
Canary Qwen 2.5B,nvidia/canary-qwen-2.5b,float16,1,40,true,en,Pyannote Community-1,pyannote/speaker-diarization-community-1,earlier_v1.8.0,cuda,cuda,,cuda,cuda,completed,3588.82,551.342,0.153627655,553.059557,9:13,true,0,false,,,,,,11.432617,3.466049,542.620420,12.000000,4.728190,14.595539,15.552334,25.607083,false,true,false,true,3588.778688,99.998849,0.041313,90,7242,lexical_text,2,0
Canary Qwen 2.5B,nvidia/canary-qwen-2.5b,float16,1,40,true,en,Sortformer v2.1,nvidia/diar_streaming_sortformer_4spk-v2.1,earlier_v1.8.0,cuda,cuda,,cuda,cuda,completed,3588.82,412.612,0.114971495,413.897381,6:54,true,0,false,,,,,,5.100586,3.773749,405.609675,12.000000,57.495117,14.103474,15.611767,25.704940,false,true,false,true,3588.778688,99.998849,0.041313,90,7242,lexical_text,2,0
Canary Qwen 2.5B,nvidia/canary-qwen-2.5b,float16,1,40,true,en,SUPlime,rewayai/suplime,fresh_crossmatrix_v1.8.0,cuda,cuda,,cuda,cuda,completed,3588.82,857.180,0.238847309,859.850313,14:20,true,0,false,,,,,,7.122070,5.825517,850.564380,12.000000,40.649414,15.491863,23.462067,38.630542,false,true,false,true,3588.778688,99.998849,0.041313,90,7242,lexical_text,3,0
Canary Qwen 2.5B,nvidia/canary-qwen-2.5b,float16,1,40,true,en,SUPlime-L,rewayai/suplime-large,fresh_crossmatrix_v1.8.0,cuda,cuda,,cuda,cuda,completed,3588.82,946.529,0.263743793,949.477656,15:49,true,0,false,,,,,,10.440430,8.109704,940.066362,12.000000,12.996419,15.356148,23.647026,38.935079,false,true,false,true,3588.778688,99.998849,0.041313,90,7242,lexical_text,2,0
Cohere Transcribe,CohereLabs/cohere-transcribe-03-2026,float16,1,,,en,DiariZen,BUT-FIT/diarizen-wavlm-large-s80-md-v2,earlier_v1.8.0,cuda,cuda,cuda,cuda,cuda,completed,3588.82,444.366,0.123819528,445.750302,7:26,true,0,false,,,,,,4.458008,1.443987,437.655110,12.000000,62.849935,8.766159,21.259869,35.004599,false,true,false,true,3579.670000,99.745042,9.150000,6942,6942,timed_annotations,3,0
Cohere Transcribe,CohereLabs/cohere-transcribe-03-2026,float16,1,,,en,Pyannote 3.1,pyannote/speaker-diarization-3.1,fresh_crossmatrix_v1.8.0,cuda,cuda,cuda,cuda,cuda,completed,3588.82,290.708,0.081003784,291.613622,4:52,true,0,false,,,,,,11.432617,2.530555,283.600152,12.000000,4.728190,8.836010,27.439045,45.178679,false,true,false,true,3579.670000,99.745042,9.150000,6942,6942,timed_annotations,3,0
Cohere Transcribe,CohereLabs/cohere-transcribe-03-2026,float16,1,,,en,Pyannote Community-1,pyannote/speaker-diarization-community-1,earlier_v1.8.0,cuda,cuda,cuda,cuda,cuda,completed,3588.82,260.683,0.072637524,261.495088,4:21,true,0,false,,,,,,11.432617,2.675728,253.153775,12.000000,4.728190,7.515381,21.182888,34.877850,false,true,false,true,3579.670000,99.745042,9.150000,6942,6942,timed_annotations,3,0
Cohere Transcribe,CohereLabs/cohere-transcribe-03-2026,float16,1,,,en,Sortformer v2.1,nvidia/diar_streaming_sortformer_4spk-v2.1,fresh_crossmatrix_v1.8.0,cuda,cuda,cuda,cuda,cuda,completed,3588.82,161.607,0.045030679,162.110443,2:42,true,0,false,,,,,,4.458008,2.684654,154.594791,12.000000,62.849935,8.924030,29.253998,48.167018,false,true,false,true,3579.670000,99.745042,9.150000,6942,6942,timed_annotations,3,0
Cohere Transcribe,CohereLabs/cohere-transcribe-03-2026,float16,1,,,en,SUPlime,rewayai/suplime,fresh_crossmatrix_v1.8.0,cuda,cuda,cuda,cuda,cuda,completed,3588.82,621.904,0.173289271,623.841374,10:24,true,0,false,,,,,,7.122070,6.351663,615.095115,12.000000,40.649414,8.305031,29.256599,48.171301,false,true,false,true,3579.670000,99.745042,9.150000,6942,6942,timed_annotations,3,0
Cohere Transcribe,CohereLabs/cohere-transcribe-03-2026,float16,1,,,en,SUPlime-L,rewayai/suplime-large,fresh_crossmatrix_v1.8.0,cuda,cuda,cuda,cuda,cuda,completed,3588.82,721.068,0.200920637,723.314293,12:03,true,0,false,,,,,,10.440430,9.183981,714.092043,12.000000,12.996419,8.525719,27.995132,46.094283,false,true,false,true,3579.670000,99.745042,9.150000,6942,6942,timed_annotations,2,0
Granite 4.1 2B,ibm-granite/granite-speech-4.1-2b,float16,1,,,en,DiariZen,BUT-FIT/diarizen-wavlm-large-s80-md-v2,fresh_crossmatrix_v1.8.0,cuda,cuda,cuda,cuda,cuda,completed,3588.82,628.772,0.175202992,630.730769,10:31,true,0,false,,,,,,4.647461,2.303550,622.094672,12.000000,61.271159,9.733200,29.126595,47.957247,false,true,false,true,3579.590000,99.742812,9.230000,7313,7313,timed_annotations,3,0
Granite 4.1 2B,ibm-granite/granite-speech-4.1-2b,float16,1,,,en,Pyannote 3.1,pyannote/speaker-diarization-3.1,fresh_crossmatrix_v1.8.0,cuda,cuda,cuda,cuda,cuda,completed,3588.82,496.130,0.138243211,497.675559,8:18,true,0,false,,,,,,11.432617,3.013134,489.097607,12.000000,4.728190,8.983391,28.941578,47.652615,false,true,false,true,3579.590000,99.742812,9.230000,7313,7313,timed_annotations,3,0
Granite 4.1 2B,ibm-granite/granite-speech-4.1-2b,float16,1,,,en,Pyannote Community-1,pyannote/speaker-diarization-community-1,earlier_v1.8.0,cuda,cuda,cuda,cuda,cuda,completed,3588.82,421.909,0.117562040,423.223344,7:03,true,0,false,,,,,,11.432617,3.441132,414.619475,12.000000,4.728190,9.534710,20.632092,33.970958,false,true,false,true,3579.590000,99.742812,9.230000,7313,7313,timed_annotations,3,0
Granite 4.1 2B,ibm-granite/granite-speech-4.1-2b,float16,1,,,en,Sortformer v2.1,nvidia/diar_streaming_sortformer_4spk-v2.1,fresh_crossmatrix_v1.8.0,cuda,cuda,cuda,cuda,cuda,completed,3588.82,326.668,0.091023791,327.685646,5:28,true,0,false,,,,,,4.647461,3.715474,319.595994,12.000000,61.271159,9.599857,28.861706,47.521105,false,true,false,true,3579.590000,99.742812,9.230000,7313,7313,timed_annotations,3,0
Granite 4.1 2B,ibm-granite/granite-speech-4.1-2b,float16,1,,,en,SUPlime,rewayai/suplime,fresh_crossmatrix_v1.8.0,cuda,cuda,cuda,cuda,cuda,completed,3588.82,793.345,0.221060126,795.816452,13:16,true,0,false,,,,,,7.122070,5.988224,787.096842,12.000000,40.649414,9.067146,28.428852,46.808407,false,true,false,true,3579.590000,99.742812,9.230000,7313,7313,timed_annotations,3,0
Granite 4.1 2B,ibm-granite/granite-speech-4.1-2b,float16,1,,,en,SUPlime-L,rewayai/suplime-large,fresh_crossmatrix_v1.8.0,cuda,cuda,cuda,cuda,cuda,completed,3588.82,891.020,0.248276592,893.795732,14:54,true,0,false,,,,,,10.440430,8.316977,884.596642,12.000000,12.996419,7.739887,26.632824,43.851227,false,true,false,true,3579.590000,99.742812,9.230000,7313,7313,timed_annotations,2,0
Granite 4.1 2B Plus,ibm-granite/granite-speech-4.1-2b-plus,float16,1,,,en,DiariZen,BUT-FIT/diarizen-wavlm-large-s80-md-v2,fresh_crossmatrix_v1.8.0,cuda,cuda,,cuda,cuda,completed,3588.82,1904.413,0.530651579,1910.345685,31:50,true,0,false,,,,,,4.409180,3.684885,1895.071751,12.000000,63.256836,7.264320,26.116783,43.001560,false,true,false,true,3578.590000,99.714948,10.230000,7429,7429,timed_annotations,3,0
Granite 4.1 2B Plus,ibm-granite/granite-speech-4.1-2b-plus,float16,1,,,en,Pyannote 3.1,pyannote/speaker-diarization-3.1,fresh_crossmatrix_v1.8.0,cuda,cuda,,cuda,cuda,completed,3588.82,1678.866,0.467804459,1684.096054,28:04,true,0,false,,,,,,11.432617,4.080053,1672.070499,12.000000,4.728190,8.964191,26.352684,43.389974,false,true,false,true,3578.590000,99.714948,10.230000,7429,7429,timed_annotations,3,0
Granite 4.1 2B Plus,ibm-granite/granite-speech-4.1-2b-plus,float16,1,,,en,Pyannote Community-1,pyannote/speaker-diarization-community-1,earlier_v1.8.0,cuda,cuda,,cuda,cuda,completed,3588.82,1774.411,0.494427416,1779.938699,29:40,true,0,false,,,,,,11.432617,4.086382,1767.113261,12.000000,4.728190,8.816658,21.233109,34.960538,true,true,false,true,3578.590000,99.714948,10.230000,7429,7429,timed_annotations,3,0
Granite 4.1 2B Plus,ibm-granite/granite-speech-4.1-2b-plus,float16,1,,,en,Sortformer v2.1,nvidia/diar_streaming_sortformer_4spk-v2.1,fresh_crossmatrix_v1.8.0,cuda,cuda,,cuda,cuda,completed,3588.82,1632.400,0.454857028,1637.485302,27:17,true,0,false,,,,,,4.301758,4.151874,1625.563050,12.000000,64.152018,8.946785,25.652634,42.237333,false,true,false,true,3578.590000,99.714948,10.230000,7429,7429,timed_annotations,3,0
Granite 4.1 2B Plus,ibm-granite/granite-speech-4.1-2b-plus,float16,1,,,en,SUPlime,rewayai/suplime,fresh_crossmatrix_v1.8.0,cuda,cuda,,cuda,cuda,completed,3588.82,2069.690,0.576704878,2076.137561,34:36,true,0,false,,,,,,7.122070,4.909909,2063.566195,12.000000,40.649414,8.930424,25.870861,42.596647,false,true,false,true,3578.590000,99.714948,10.230000,7429,7429,timed_annotations,3,0
Granite 4.1 2B Plus,ibm-granite/granite-speech-4.1-2b-plus,float16,1,,,en,SUPlime-L,rewayai/suplime-large,fresh_crossmatrix_v1.8.0,cuda,cuda,,cuda,cuda,completed,3588.82,2186.088,0.609138380,2192.898167,36:33,true,0,false,,,,,,10.440430,5.919138,2179.065915,12.000000,12.996419,7.184433,24.371666,40.128207,false,true,false,true,3578.590000,99.714948,10.230000,7429,7429,timed_annotations,2,0
Granite 5.0 470M,ibm-granite/granite-speech-5.0-470m-turboctc,float16,1,,,en,DiariZen,BUT-FIT/diarizen-wavlm-large-s80-md-v2,fresh_crossmatrix_v1.8.0,cuda,cuda,cuda,cuda,cuda,completed,3588.82,356.381,0.099303114,357.491209,5:57,true,0,false,,,,,,2.321289,0.827343,349.594834,12.000000,80.655924,4.480347,23.689068,39.004302,false,true,false,true,3579.590000,99.742812,9.230000,7497,7497,timed_annotations,3,0
Granite 5.0 470M,ibm-granite/granite-speech-5.0-470m-turboctc,float16,1,,,en,Pyannote 3.1,pyannote/speaker-diarization-3.1,fresh_crossmatrix_v1.8.0,cuda,cuda,cuda,cuda,cuda,completed,3588.82,241.227,0.067216244,241.978478,4:02,true,0,false,,,,,,11.432617,1.585761,234.097350,12.000000,4.728190,4.490482,29.939453,49.295627,false,true,false,true,3579.590000,99.742812,9.230000,7497,7497,timed_annotations,3,0
Granite 5.0 470M,ibm-granite/granite-speech-5.0-470m-turboctc,float16,1,,,en,Pyannote Community-1,pyannote/speaker-diarization-community-1,earlier_v1.8.0,cuda,cuda,cuda,cuda,cuda,completed,3588.82,227.206,0.063309389,227.913799,3:48,true,0,false,,,,,,11.432617,1.927765,198.650852,12.000000,4.728190,4.282864,22.219082,36.583954,false,true,false,true,3579.590000,99.742812,9.230000,7497,7497,timed_annotations,3,0
Granite 5.0 470M,ibm-granite/granite-speech-5.0-470m-turboctc,float16,1,,,en,Sortformer v2.1,nvidia/diar_streaming_sortformer_4spk-v2.1,fresh_crossmatrix_v1.8.0,cuda,cuda,cuda,cuda,cuda,completed,3588.82,88.858,0.024759670,89.134813,1:29,true,0,false,,,,,,4.012695,0.727127,81.607824,12.000000,66.560872,4.142281,30.666779,50.493176,false,true,false,true,3579.590000,99.742812,9.230000,7497,7497,timed_annotations,3,0
Granite 5.0 470M,ibm-granite/granite-speech-5.0-470m-turboctc,float16,1,,,en,SUPlime,rewayai/suplime,fresh_crossmatrix_v1.8.0,cuda,cuda,cuda,cuda,cuda,completed,3588.82,555.928,0.154905512,557.659844,9:18,true,0,false,,,,,,7.122070,6.556980,548.098648,12.000000,40.649414,3.906059,29.586426,48.714364,false,true,false,true,3579.590000,99.742812,9.230000,7497,7497,timed_annotations,3,0
Granite 5.0 470M,ibm-granite/granite-speech-5.0-470m-turboctc,float16,1,,,en,SUPlime-L,rewayai/suplime-large,fresh_crossmatrix_v1.8.0,cuda,cuda,cuda,cuda,cuda,completed,3588.82,658.322,0.183436896,660.372824,11:00,true,0,false,,,,,,10.440430,9.629551,650.605297,12.000000,12.996419,4.837025,28.338882,46.660271,false,true,false,true,3579.590000,99.742812,9.230000,7497,7497,timed_annotations,2,0
Granite 5.0 470M NC,ibm-granite/granite-speech-5.0-470m-turboctc-nc,float16,1,,,en,DiariZen,BUT-FIT/diarizen-wavlm-large-s80-md-v2,fresh_crossmatrix_v1.8.0,cuda,cuda,cuda,cuda,cuda,completed,3588.82,349.774,0.097462118,350.863626,5:51,true,0,false,,,,,,2.321289,0.834083,342.598984,12.000000,80.655924,4.540024,22.798542,37.538041,false,true,false,true,3579.590000,99.742812,9.230000,7557,7557,timed_annotations,3,0
Granite 5.0 470M NC,ibm-granite/granite-speech-5.0-470m-turboctc-nc,float16,1,,,en,Pyannote 3.1,pyannote/speaker-diarization-3.1,fresh_crossmatrix_v1.8.0,cuda,cuda,cuda,cuda,cuda,completed,3588.82,202.843,0.056520806,203.474903,3:23,true,0,false,,,,,,11.432617,1.944170,195.118043,12.000000,4.728190,4.449387,29.604328,48.743840,false,true,false,true,3579.590000,99.742812,9.230000,7557,7557,timed_annotations,3,0
Granite 5.0 470M NC,ibm-granite/granite-speech-5.0-470m-turboctc-nc,float16,1,,,en,Pyannote Community-1,pyannote/speaker-diarization-community-1,earlier_v1.8.0,cuda,cuda,cuda,cuda,cuda,completed,3588.82,227.400,0.063363445,228.108403,3:48,true,0,false,,,,,,11.432617,1.682114,220.153453,12.000000,4.728190,4.412300,22.649380,37.292444,false,true,false,true,3579.590000,99.742812,9.230000,7557,7557,timed_annotations,3,0
Granite 5.0 470M NC,ibm-granite/granite-speech-5.0-470m-turboctc-nc,float16,1,,,en,Sortformer v2.1,nvidia/diar_streaming_sortformer_4spk-v2.1,fresh_crossmatrix_v1.8.0,cuda,cuda,cuda,cuda,cuda,completed,3588.82,90.128,0.025113547,90.408769,1:30,true,0,false,,,,,,3.846680,0.761062,81.609861,12.000000,67.944336,4.057671,30.136337,49.619799,false,true,false,true,3579.590000,99.742812,9.230000,7557,7557,timed_annotations,3,0
Granite 5.0 470M NC,ibm-granite/granite-speech-5.0-470m-turboctc-nc,float16,1,,,en,SUPlime,rewayai/suplime,fresh_crossmatrix_v1.8.0,cuda,cuda,cuda,cuda,cuda,completed,3588.82,569.008,0.158550164,570.780591,9:31,true,0,false,,,,,,7.122070,6.470362,560.622283,12.000000,40.649414,4.391758,30.251328,49.809132,false,true,false,true,3579.590000,99.742812,9.230000,7557,7557,timed_annotations,3,0
Granite 5.0 470M NC,ibm-granite/granite-speech-5.0-470m-turboctc-nc,float16,1,,,en,SUPlime-L,rewayai/suplime-large,fresh_crossmatrix_v1.8.0,cuda,cuda,cuda,cuda,cuda,completed,3588.82,667.457,0.185982301,669.536282,11:10,true,0,false,,,,,,10.440430,9.541449,659.105802,12.000000,12.996419,4.713928,29.212997,48.099510,false,true,false,true,3579.590000,99.742812,9.230000,7557,7557,timed_annotations,2,0
MOSS 0.9B,OpenMOSS-Team/MOSS-Transcribe-Diarize,bfloat16,1,,,en,DiariZen,BUT-FIT/diarizen-wavlm-large-s80-md-v2,fresh_crossmatrix_v1.8.0,cuda,cuda,,,,failed,3588.82,1164.312,0.324427528,,,true,0,false,alignment,RecognitionError,application_ae1b7676702d,recognition,adapter_failed,11.370117,9.306535,1158.533989,12.000000,5.249023,3.226429,23.550743,38.776548,false,true,false,false,,,,,,,,
MOSS 0.9B,OpenMOSS-Team/MOSS-Transcribe-Diarize,bfloat16,1,,,en,Pyannote 3.1,pyannote/speaker-diarization-3.1,fresh_crossmatrix_v1.8.0,cuda,cuda,,,,failed,3588.82,1186.141,0.330510028,,,true,0,false,alignment,RecognitionError,application_ae1b7676702d,recognition,adapter_failed,11.370117,9.256279,1179.039356,12.000000,5.249023,3.063084,30.266762,49.834544,false,true,false,false,,,,,,,,
MOSS 0.9B,OpenMOSS-Team/MOSS-Transcribe-Diarize,bfloat16,1,,,en,Pyannote Community-1,pyannote/speaker-diarization-community-1,fresh_crossmatrix_v1.8.0,cuda,cuda,,,,failed,3588.82,1213.788,0.338213675,,,true,0,false,alignment,RecognitionError,application_ae1b7676702d,recognition,adapter_failed,11.370117,9.137045,1204.067454,12.000000,5.249023,3.144772,30.149845,49.642040,false,true,false,false,,,,,,,,
MOSS 0.9B,OpenMOSS-Team/MOSS-Transcribe-Diarize,bfloat16,1,,,en,Sortformer v2.1,nvidia/diar_streaming_sortformer_4spk-v2.1,fresh_crossmatrix_v1.8.0,cuda,cuda,,,,failed,3588.82,1215.352,0.338649473,,,true,0,false,alignment,RecognitionError,application_ae1b7676702d,recognition,adapter_failed,11.493164,9.106860,1206.064834,12.000000,4.223633,3.018341,30.261951,49.826624,false,true,false,false,,,,,,,,
MOSS 0.9B,OpenMOSS-Team/MOSS-Transcribe-Diarize,bfloat16,1,,,en,SUPlime,rewayai/suplime,fresh_crossmatrix_v1.8.0,cuda,cuda,,,,failed,3588.82,1227.496,0.342033315,,,true,0,false,alignment,RecognitionError,application_ae1b7676702d,recognition,adapter_failed,11.370117,9.016934,1217.065704,12.000000,5.249023,3.028255,30.120255,49.593319,false,true,false,false,,,,,,,,
MOSS 0.9B,OpenMOSS-Team/MOSS-Transcribe-Diarize,bfloat16,1,,,en,SUPlime-L,rewayai/suplime-large,fresh_crossmatrix_v1.8.0,cuda,cuda,,,,failed,3588.82,1210.793,0.337379139,,,true,0,false,alignment,RecognitionError,application_ae1b7676702d,recognition,adapter_failed,11.370117,9.080397,1198.538041,12.000000,5.249023,2.923969,30.647327,50.461150,false,true,false,false,,,,,,,,
MOSS 0.9B,OpenMOSS-Team/MOSS-Transcribe-Diarize,bfloat16,1,,,en,Native MOSS,native,earlier_v1.8.0,cuda,cuda,,,,failed,3588.82,1178.997,0.328519402,,,true,0,false,alignment,RecognitionError,application_ae1b7676702d,recognition,adapter_failed,11.370117,9.259329,1172.557205,12.000000,5.249023,3.132278,23.117092,38.062537,false,true,false,false,,,,,,,,
MOSS Preview 2B,OpenMOSS-Team/MOSS-Transcribe-preview-2B,float16,1,,,en,DiariZen,BUT-FIT/diarizen-wavlm-large-s80-md-v2,fresh_crossmatrix_v1.8.0,cuda,cuda,cuda,cuda,cuda,completed,3588.82,603.874,0.168265335,605.755206,10:06,true,0,false,,,,,,5.256836,2.641796,596.602338,12.000000,56.193034,9.905720,24.131657,39.733029,false,true,false,true,3579.430000,99.738354,9.390000,7205,7205,timed_annotations,3,0
MOSS Preview 2B,OpenMOSS-Team/MOSS-Transcribe-preview-2B,float16,1,,,en,Pyannote 3.1,pyannote/speaker-diarization-3.1,fresh_crossmatrix_v1.8.0,cuda,cuda,cuda,cuda,cuda,completed,3588.82,496.839,0.138440769,498.386768,8:18,true,0,false,,,,,,11.432617,3.664920,488.606013,12.000000,4.728190,7.562943,28.383564,46.733839,false,true,false,true,3579.430000,99.738354,9.390000,7205,7205,timed_annotations,3,0
MOSS Preview 2B,OpenMOSS-Team/MOSS-Transcribe-preview-2B,float16,1,,,en,Pyannote Community-1,pyannote/speaker-diarization-community-1,earlier_v1.8.0,cuda,cuda,cuda,cuda,cuda,completed,3588.82,414.395,0.115468315,415.685936,6:56,true,0,false,,,,,,11.432617,3.769408,407.595643,12.000000,4.728190,9.479942,20.599709,33.917639,false,true,false,true,3579.430000,99.738354,9.390000,7205,7205,timed_annotations,3,0
MOSS Preview 2B,OpenMOSS-Team/MOSS-Transcribe-preview-2B,float16,1,,,en,Sortformer v2.1,nvidia/diar_streaming_sortformer_4spk-v2.1,fresh_crossmatrix_v1.8.0,cuda,cuda,cuda,cuda,cuda,completed,3588.82,375.434,0.104612101,376.603563,6:17,true,0,false,,,,,,5.256836,4.009803,368.101422,12.000000,56.193034,9.450069,28.383858,46.734323,false,true,false,true,3579.430000,99.738354,9.390000,7205,7205,timed_annotations,3,0
MOSS Preview 2B,OpenMOSS-Team/MOSS-Transcribe-preview-2B,float16,1,,,en,SUPlime,rewayai/suplime,fresh_crossmatrix_v1.8.0,cuda,cuda,cuda,cuda,cuda,completed,3588.82,850.274,0.236923000,852.922799,14:13,true,0,false,,,,,,7.122070,5.961186,843.102452,12.000000,40.649414,9.982807,28.427467,46.806127,false,true,false,true,3579.430000,99.738354,9.390000,7205,7205,timed_annotations,3,0
MOSS Preview 2B,OpenMOSS-Team/MOSS-Transcribe-preview-2B,float16,1,,,en,SUPlime-L,rewayai/suplime-large,fresh_crossmatrix_v1.8.0,cuda,cuda,cuda,cuda,cuda,completed,3588.82,946.203,0.263652956,949.150640,15:49,true,0,false,,,,,,10.440430,8.172539,937.614710,12.000000,12.996419,8.673241,28.316883,46.624048,false,true,false,true,3579.430000,99.738354,9.390000,7205,7205,timed_annotations,2,0
Parakeet TDT 0.6B v3,nvidia/parakeet-tdt-0.6b-v3,float16,8,,true,en,DiariZen,BUT-FIT/diarizen-wavlm-large-s80-md-v2,earlier_v1.8.0,cuda,cuda,,cuda,cuda,completed,3588.82,385.357,0.107377077,386.557476,6:27,true,0,false,,,,,,6.286133,1.231268,377.606442,12.000000,47.615560,5.972370,19.391861,31.928905,false,true,false,true,3579.360000,99.736404,9.460000,312,7310,timed_annotations,3,0
Parakeet TDT 0.6B v3,nvidia/parakeet-tdt-0.6b-v3,float16,8,,true,en,Pyannote 3.1,pyannote/speaker-diarization-3.1,fresh_crossmatrix_v1.8.0,cuda,cuda,,cuda,cuda,completed,3588.82,250.026,0.069668025,250.804889,4:11,true,0,false,,,,,,11.432617,2.329030,242.086330,12.000000,4.728190,5.798897,21.508553,35.414060,false,true,false,true,3579.360000,99.736404,9.460000,312,7310,timed_annotations,3,0
Parakeet TDT 0.6B v3,nvidia/parakeet-tdt-0.6b-v3,float16,8,,true,en,Pyannote Community-1,pyannote/speaker-diarization-community-1,earlier_v1.8.0,cuda,cuda,,cuda,cuda,completed,3588.82,231.896,0.064616225,232.618409,3:53,true,0,false,,,,,,11.432617,2.426255,222.111962,12.000000,4.728190,5.974186,19.739487,32.501274,false,true,false,true,3579.360000,99.736404,9.460000,312,7310,timed_annotations,3,0
Parakeet TDT 0.6B v3,nvidia/parakeet-tdt-0.6b-v3,float16,8,,true,en,Sortformer v2.1,nvidia/diar_streaming_sortformer_4spk-v2.1,earlier_v1.8.0,cuda,cuda,,cuda,cuda,completed,3588.82,168.698,0.047006537,169.223533,2:49,true,0,false,,,,,,6.286133,1.857690,160.609910,12.000000,47.615560,5.949574,19.773777,32.557734,false,true,false,true,3579.360000,99.736404,9.460000,312,7310,timed_annotations,3,0
Parakeet TDT 0.6B v3,nvidia/parakeet-tdt-0.6b-v3,float16,8,,true,en,SUPlime,rewayai/suplime,earlier_v1.8.0,cuda,cuda,,cuda,cuda,completed,3588.82,591.278,0.164755546,593.119967,9:53,true,0,false,,,,,,7.122070,6.459936,584.608077,12.000000,40.649414,5.896191,19.272495,31.732368,false,true,false,true,3579.360000,99.736404,9.460000,312,7310,timed_annotations,3,0
Parakeet TDT 0.6B v3,nvidia/parakeet-tdt-0.6b-v3,float16,8,,true,en,SUPlime-L,rewayai/suplime-large,earlier_v1.8.0,cuda,cuda,,cuda,cuda,completed,3588.82,690.703,0.192459639,692.854699,11:33,true,0,false,,,,,,10.440430,9.468806,684.111370,12.000000,12.996419,5.934502,19.599888,32.271423,false,true,false,true,3579.360000,99.736404,9.460000,312,7310,timed_annotations,2,0
Qwen3 ASR 0.6B,Qwen/Qwen3-ASR-0.6B-hf,float16,1,,,en,DiariZen,BUT-FIT/diarizen-wavlm-large-s80-md-v2,fresh_crossmatrix_v1.8.0,cuda,cuda,cuda,cuda,cuda,completed,3588.82,575.072,0.160239856,576.863482,9:37,true,0,false,,,,,,2.321289,1.304350,568.097282,12.000000,80.655924,4.063484,24.540779,40.406653,false,true,false,true,3579.670000,99.745042,9.150000,7402,7402,timed_annotations,3,0
Qwen3 ASR 0.6B,Qwen/Qwen3-ASR-0.6B-hf,float16,1,,,en,Pyannote 3.1,pyannote/speaker-diarization-3.1,fresh_crossmatrix_v1.8.0,cuda,cuda,cuda,cuda,cuda,completed,3588.82,468.660,0.130588884,470.119984,7:50,true,0,false,,,,,,11.432617,1.982207,461.103459,12.000000,4.728190,4.523258,29.729763,48.950370,false,true,false,true,3579.670000,99.745042,9.150000,7402,7402,timed_annotations,3,0
Qwen3 ASR 0.6B,Qwen/Qwen3-ASR-0.6B-hf,float16,1,,,en,Pyannote Community-1,pyannote/speaker-diarization-community-1,earlier_v1.8.0,cuda,cuda,cuda,cuda,cuda,completed,3588.82,393.418,0.109623219,394.643588,6:35,true,0,false,,,,,,11.432617,2.010020,386.662895,12.000000,4.728190,3.780094,22.178776,36.517590,false,true,false,true,3579.670000,99.745042,9.150000,7402,7402,timed_annotations,3,0
Qwen3 ASR 0.6B,Qwen/Qwen3-ASR-0.6B-hf,float16,1,,,en,Sortformer v2.1,nvidia/diar_streaming_sortformer_4spk-v2.1,fresh_crossmatrix_v1.8.0,cuda,cuda,cuda,cuda,cuda,completed,3588.82,382.680,0.106631149,383.872136,6:24,true,0,false,,,,,,4.022461,1.540380,375.103462,12.000000,66.479492,4.516045,29.714989,48.926044,false,true,false,true,3579.670000,99.745042,9.150000,7402,7402,timed_annotations,3,0
Qwen3 ASR 0.6B,Qwen/Qwen3-ASR-0.6B-hf,float16,1,,,en,SUPlime,rewayai/suplime,fresh_crossmatrix_v1.8.0,cuda,cuda,cuda,cuda,cuda,completed,3588.82,815.485,0.227229284,818.025423,13:38,true,0,false,,,,,,7.122070,5.081632,808.111757,12.000000,40.649414,4.511414,30.112148,49.579972,false,true,false,true,3579.670000,99.745042,9.150000,7402,7402,timed_annotations,3,0
Qwen3 ASR 0.6B,Qwen/Qwen3-ASR-0.6B-hf,float16,1,,,en,SUPlime-L,rewayai/suplime-large,fresh_crossmatrix_v1.8.0,cuda,cuda,cuda,cuda,cuda,completed,3588.82,877.391,0.244478965,880.124275,14:40,true,0,false,,,,,,10.440430,7.678090,870.596945,12.000000,12.996419,4.681797,28.417030,46.788942,false,true,false,true,3579.670000,99.745042,9.150000,7402,7402,timed_annotations,2,0
Qwen3 ASR 1.7B,Qwen/Qwen3-ASR-1.7B-hf,float16,1,,,en,DiariZen,BUT-FIT/diarizen-wavlm-large-s80-md-v2,fresh_crossmatrix_v1.8.0,cuda,cuda,cuda,cuda,cuda,completed,3588.82,596.707,0.166268300,598.565880,9:59,true,0,false,,,,,,4.420898,2.277625,590.093009,12.000000,63.159180,8.591137,24.856133,40.925886,false,true,false,true,3579.670000,99.745042,9.150000,7400,7400,timed_annotations,3,0
Qwen3 ASR 1.7B,Qwen/Qwen3-ASR-1.7B-hf,float16,1,,,en,Pyannote 3.1,pyannote/speaker-diarization-3.1,fresh_crossmatrix_v1.8.0,cuda,cuda,cuda,cuda,cuda,completed,3588.82,438.868,0.122287549,440.235175,7:20,true,0,false,,,,,,11.432617,3.247404,432.096585,12.000000,4.728190,8.649380,28.302589,46.600514,false,true,false,true,3579.670000,99.745042,9.150000,7400,7400,timed_annotations,3,0
Qwen3 ASR 1.7B,Qwen/Qwen3-ASR-1.7B-hf,float16,1,,,en,Pyannote Community-1,pyannote/speaker-diarization-community-1,earlier_v1.8.0,cuda,cuda,cuda,cuda,cuda,completed,3588.82,416.913,0.116169939,418.211780,6:58,true,0,false,,,,,,11.432617,3.311000,409.660974,12.000000,4.728190,6.829540,20.844936,34.321409,false,true,false,true,3579.670000,99.745042,9.150000,7400,7400,timed_annotations,3,0
Qwen3 ASR 1.7B,Qwen/Qwen3-ASR-1.7B-hf,float16,1,,,en,Sortformer v2.1,nvidia/diar_streaming_sortformer_4spk-v2.1,fresh_crossmatrix_v1.8.0,cuda,cuda,cuda,cuda,cuda,completed,3588.82,333.497,0.092926644,334.535920,5:35,true,0,false,,,,,,4.401367,3.456995,327.098404,12.000000,63.321940,8.586414,28.617104,47.118365,false,true,false,true,3579.670000,99.745042,9.150000,7400,7400,timed_annotations,3,0
Qwen3 ASR 1.7B,Qwen/Qwen3-ASR-1.7B-hf,float16,1,,,en,SUPlime,rewayai/suplime,fresh_crossmatrix_v1.8.0,cuda,cuda,cuda,cuda,cuda,completed,3588.82,791.069,0.220425934,793.533362,13:14,true,0,false,,,,,,7.122070,5.879682,784.092246,12.000000,40.649414,6.924690,28.313087,46.617799,false,true,false,true,3579.670000,99.745042,9.150000,7400,7400,timed_annotations,3,0
Qwen3 ASR 1.7B,Qwen/Qwen3-ASR-1.7B-hf,float16,1,,,en,SUPlime-L,rewayai/suplime-large,fresh_crossmatrix_v1.8.0,cuda,cuda,cuda,cuda,cuda,completed,3588.82,888.984,0.247709275,891.753390,14:52,true,0,false,,,,,,10.440430,8.253397,882.101941,12.000000,12.996419,7.765110,27.386658,45.092422,false,true,false,true,3579.670000,99.745042,9.150000,7400,7400,timed_annotations,2,0
Voxtral Mini 3B,mistralai/Voxtral-Mini-3B-2507,float16,1,,,en,DiariZen,BUT-FIT/diarizen-wavlm-large-s80-md-v2,fresh_crossmatrix_v1.8.0,cuda,cuda,cuda,cuda,cuda,completed,3588.82,639.946,0.178316550,641.939579,10:42,true,0,false,,,,,,9.176758,4.293360,633.098650,12.000000,23.527018,18.353127,25.052715,41.249562,false,true,false,true,3579.670000,99.745042,9.150000,7067,7067,timed_annotations,3,0
Voxtral Mini 3B,mistralai/Voxtral-Mini-3B-2507,float16,1,,,en,Pyannote 3.1,pyannote/speaker-diarization-3.1,fresh_crossmatrix_v1.8.0,cuda,cuda,cuda,cuda,cuda,completed,3588.82,484.597,0.135029620,486.106631,8:06,true,0,false,,,,,,11.432617,5.874047,477.599350,12.000000,4.728190,11.880703,23.917427,39.380297,false,true,false,true,3579.670000,99.745042,9.150000,7067,7067,timed_annotations,3,0
Voxtral Mini 3B,mistralai/Voxtral-Mini-3B-2507,float16,1,,,en,Pyannote Community-1,pyannote/speaker-diarization-community-1,earlier_v1.8.0,cuda,cuda,cuda,cuda,cuda,completed,3588.82,476.413,0.132749204,477.897136,7:58,true,0,false,,,,,,11.432617,5.935243,469.115309,12.000000,4.728190,10.864689,16.353046,26.925464,false,true,false,true,3579.670000,99.745042,9.150000,7067,7067,timed_annotations,3,0
Voxtral Mini 3B,mistralai/Voxtral-Mini-3B-2507,float16,1,,,en,Sortformer v2.1,nvidia/diar_streaming_sortformer_4spk-v2.1,fresh_crossmatrix_v1.8.0,cuda,cuda,cuda,cuda,cuda,completed,3588.82,383.405,0.106833165,384.599395,6:25,true,0,false,,,,,,9.176758,6.612246,376.596396,12.000000,23.527018,18.535629,23.940029,39.417512,false,true,false,true,3579.670000,99.745042,9.150000,7067,7067,timed_annotations,3,0
Voxtral Mini 3B,mistralai/Voxtral-Mini-3B-2507,float16,1,,,en,SUPlime,rewayai/suplime,fresh_crossmatrix_v1.8.0,cuda,cuda,cuda,cuda,cuda,completed,3588.82,816.855,0.227611025,819.399691,13:39,true,0,false,,,,,,9.176758,7.398439,810.099216,12.000000,23.527018,17.615154,23.615131,38.882564,false,true,false,true,3579.670000,99.745042,9.150000,7067,7067,timed_annotations,3,0
Voxtral Mini 3B,mistralai/Voxtral-Mini-3B-2507,float16,1,,,en,SUPlime-L,rewayai/suplime-large,fresh_crossmatrix_v1.8.0,cuda,cuda,cuda,cuda,cuda,completed,3588.82,916.009,0.255239605,918.862579,15:19,true,0,false,,,,,,10.440430,9.512191,909.095622,12.000000,12.996419,17.424446,23.194649,38.190235,false,true,false,true,3579.670000,99.745042,9.150000,7067,7067,timed_annotations,2,0
Whisper large-v3 · default,large-v3,float16,8,,,en,DiariZen,BUT-FIT/diarizen-wavlm-large-s80-md-v2,fresh_crossmatrix_v1.8.0,cuda,cuda,cuda,cuda,cuda,completed,3588.82,483.093,0.134610541,484.597946,8:05,true,0,false,,,,,,8.709961,2.086481,449.100318,12.000000,27.416992,3.938084,27.803642,45.778992,false,true,false,true,3579.485000,99.739887,9.335000,530,6966,timed_annotations,3,0
Whisper large-v3 · default,large-v3,float16,8,,,en,Pyannote 3.1,pyannote/speaker-diarization-3.1,fresh_crossmatrix_v1.8.0,cuda,cuda,cuda,cuda,cuda,completed,3588.82,291.570,0.081243974,292.478308,4:52,true,0,false,,,,,,11.432617,3.701230,250.105020,12.000000,4.728190,3.965439,27.000599,44.456773,false,true,false,true,3579.485000,99.739887,9.335000,530,6966,timed_annotations,3,0
Whisper large-v3 · default,large-v3,float16,8,,,en,Pyannote Community-1,pyannote/speaker-diarization-community-1,fresh_crossmatrix_v1.8.0,cuda,cuda,cuda,cuda,cuda,completed,3588.82,271.943,0.075775046,272.790165,4:33,true,0,false,,,,,,11.432617,3.819705,241.104410,12.000000,4.728190,3.690289,27.014492,44.479648,false,true,false,true,3579.485000,99.739887,9.335000,530,6966,timed_annotations,3,0
Whisper large-v3 · default,large-v3,float16,8,,,en,Sortformer v2.1,nvidia/diar_streaming_sortformer_4spk-v2.1,fresh_crossmatrix_v1.8.0,cuda,cuda,cuda,cuda,cuda,completed,3588.82,196.829,0.054845047,197.442168,3:17,true,0,false,,,,,,8.616211,3.984387,174.096074,12.000000,28.198242,3.925961,26.754349,44.051319,false,true,false,true,3579.485000,99.739887,9.335000,530,6966,timed_annotations,3,0
Whisper large-v3 · default,large-v3,float16,8,,,en,SUPlime,rewayai/suplime,fresh_crossmatrix_v1.8.0,cuda,cuda,cuda,cuda,cuda,completed,3588.82,660.999,0.184182823,663.058164,11:03,true,0,false,,,,,,8.834961,6.592450,637.100682,12.000000,26.375326,3.549770,27.750790,45.691970,false,true,false,true,3579.485000,99.739887,9.335000,530,6966,timed_annotations,3,0
Whisper large-v3 · default,large-v3,float16,8,,,en,SUPlime-L,rewayai/suplime-large,fresh_crossmatrix_v1.8.0,cuda,cuda,cuda,cuda,cuda,completed,3588.82,759.319,0.211579015,761.684453,12:42,true,0,false,,,,,,10.440430,9.294272,737.098367,12.000000,12.996419,4.834290,27.280224,44.917178,false,true,false,true,3579.485000,99.739887,9.335000,530,6966,timed_annotations,2,0
Whisper large-v3 · custom prompt,large-v3,float16,1,,,en,DiariZen,BUT-FIT/diarizen-wavlm-large-s80-md-v2,fresh_crossmatrix_v1.8.0,cuda,cuda,cuda,cuda,cuda,completed,3588.82,534.147,0.148836386,535.810991,8:56,true,0,false,,,,,,4.834961,2.084649,511.099019,12.000000,59.708659,3.921410,26.785187,44.102094,false,true,false,false,3565.855000,99.360096,22.965000,480,6969,timed_annotations,3,0
Whisper large-v3 · custom prompt,large-v3,float16,1,,,en,Pyannote 3.1,pyannote/speaker-diarization-3.1,fresh_crossmatrix_v1.8.0,cuda,cuda,cuda,cuda,cuda,completed,3588.82,341.200,0.095073032,342.262917,5:42,true,0,false,,,,,,11.432617,3.380126,311.104017,12.000000,4.728190,3.670670,26.535789,43.691459,false,true,false,false,3565.855000,99.360096,22.965000,480,6969,timed_annotations,3,0
Whisper large-v3 · custom prompt,large-v3,float16,1,,,en,Pyannote Community-1,pyannote/speaker-diarization-community-1,earlier_v1.8.0,cuda,cuda,cuda,cuda,cuda,completed,3588.82,387.795,0.108056409,389.003071,6:29,true,0,false,,,,,,11.432617,3.232626,339.178879,12.000000,4.728190,3.876007,22.454819,36.972097,false,true,false,false,3565.855000,99.360096,22.965000,480,6969,timed_annotations,3,0
Whisper large-v3 · custom prompt,large-v3,float16,1,,,en,Sortformer v2.1,nvidia/diar_streaming_sortformer_4spk-v2.1,fresh_crossmatrix_v1.8.0,cuda,cuda,cuda,cuda,cuda,completed,3588.82,260.876,0.072691302,261.688689,4:22,true,0,false,,,,,,4.803711,3.481648,239.101230,12.000000,59.969076,3.735977,26.505005,43.640772,false,true,false,false,3565.855000,99.360096,22.965000,480,6969,timed_annotations,3,0
Whisper large-v3 · custom prompt,large-v3,float16,1,,,en,SUPlime,rewayai/suplime,fresh_crossmatrix_v1.8.0,cuda,cuda,cuda,cuda,cuda,completed,3588.82,731.270,0.203763354,733.548074,12:14,true,0,false,,,,,,7.122070,6.115432,708.598952,12.000000,40.649414,3.870998,27.352787,45.036654,false,true,false,false,3565.855000,99.360096,22.965000,480,6969,timed_annotations,3,0
Whisper large-v3 · custom prompt,large-v3,float16,1,,,en,SUPlime-L,rewayai/suplime-large,fresh_crossmatrix_v1.8.0,cuda,cuda,cuda,cuda,cuda,completed,3588.82,831.603,0.231720454,834.193635,13:54,true,0,false,,,,,,10.440430,8.631447,809.099381,12.000000,12.996419,4.802044,27.077805,44.583892,false,true,false,false,3565.855000,99.360096,22.965000,480,6969,timed_annotations,2,0
